,X10,X50,X100,f4(X10),f4(X50),f4(X100)
0,"[[-2.5        -2.4990499  -2.49809981 ... -2.49334933 -2.49239924
  -2.49144914]
 [-2.49049905 -2.48954895 -2.48859886 ... -2.48384838 -2.48289829
  -2.48194819]
 [-2.4809981  -2.480048   -2.47909791 ... -2.47434743 -2.47339734
  -2.47244724]
 ...
 [ 6.97244724  6.97339734  6.97434743 ...  6.97909791  6.980048
   6.9809981 ]
 [ 6.98194819  6.98289829  6.98384838 ...  6.98859886  6.98954895
   6.99049905]
 [ 6.99144914  6.99239924  6.99334933 ...  6.99809981  6.9990499
   7.        ]]","[[-2.5        -2.49981    -2.49961999 ... -2.49106982 -2.49087982
  -2.49068981]
 [-2.49049981 -2.49030981 -2.4901198  ... -2.48156963 -2.48137963
  -2.48118962]
 [-2.48099962 -2.48080962 -2.48061961 ... -2.47206944 -2.47187944
  -2.47168943]
 ...
 [ 6.97168943  6.97187944  6.97206944 ...  6.98061961  6.98080962
   6.98099962]
 [ 6.98118962  6.98137963  6.98156963 ...  6.9901198   6.99030981
   6.99049981]
 [ 6.99068981  6.99087982  6.99106982 ...  6.99961999  6.99981
   7.        ]]","[[-2.5        -2.499905   -2.49981    ... -2.49078491 -2.49068991
  -2.49059491]
 [-2.4904999  -2.4904049  -2.4903099  ... -2.48128481 -2.48118981
  -2.48109481]
 [-2.48099981 -2.48090481 -2.48080981 ... -2.47178472 -2.47168972
  -2.47159472]
 ...
 [ 6.97159472  6.97168972  6.97178472 ...  6.98080981  6.98090481
   6.98099981]
 [ 6.98109481  6.98118981  6.98128481 ...  6.9903099   6.9904049
   6.9904999 ]
 [ 6.99059491  6.99068991  6.99078491 ...  6.99981     6.999905
   7.        ]]","[3.59681415e-220 3.03705848e-219 2.55286686e-218 2.13620550e-217
 1.77949900e-216 1.47568044e-215 1.21822287e-214 1.00115433e-213
 8.19058957e-213 6.67066535e-212 5.40832768e-211 4.36512510e-210
 3.50727845e-209 2.80532804e-208 2.23376207e-207 1.77063900e-206
 1.39721421e-205 1.09757907e-204 8.58318541e-204 6.68191620e-203
 5.17837396e-202 3.99508155e-201 3.06829945e-200 2.34590105e-199
 1.78550673e-198 1.35286090e-197 1.02043338e-196 7.66224475e-196
 5.72752823e-195 4.26204774e-194 3.15725192e-193 2.32830578e-192
 1.70926993e-191 1.24916883e-190 9.08806623e-190 6.58205763e-189
 4.74560658e-188 3.40613327e-187 2.43372440e-186 1.73109543e-185
 1.22577420e-184 8.64051840e-184 6.06329886e-183 4.23562990e-182
 2.94555333e-181 2.03918031e-180 1.40534910e-179 9.64167898e-179
 6.58507868e-178 4.47722709e-177 3.03038029e-176 2.04185546e-175
 1.36959674e-174 9.14534903e-174 6.07921790e-173 4.02286066e-172
 2.65009916e-171 1.73791732e-170 1.13458217e-169 7.37365223e-169
 4.77055823e-168 3.07252628e-167 1.96998022e-166 1.25738414e-165
 7.98939595e-165 5.05358723e-164 3.18218513e-163 1.99476147e-162
 1.24479076e-161 7.73288573e-161 4.78218843e-160 2.94409372e-159
 1.80433192e-158 1.10083210e-157 6.68598802e-157 4.04249933e-156
 2.43317964e-155 1.45793528e-154 8.69645330e-154 5.16399661e-153
 3.05259777e-152 1.79635873e-151 1.05234081e-150 6.13704923e-150
 3.56289199e-149 2.05913851e-148 1.18469981e-147 6.78532933e-147
 3.86877433e-146 2.19591598e-145 1.24078888e-144 6.97942946e-144
 3.90824522e-143 2.17863031e-142 1.20899675e-141 6.67892519e-141
 3.67305878e-140 2.01089333e-139 1.09594823e-138 5.94608212e-138
 3.21152730e-137 1.72676083e-136 9.24256713e-136 4.92484869e-135
 2.61236000e-134 1.37947239e-133 7.25158351e-133 3.79483195e-132
 1.97693367e-131 1.02525407e-130 5.29310803e-130 2.72038186e-129
 1.39183847e-128 7.08904374e-128 3.59439937e-127 1.81428228e-126
 9.11639723e-126 4.56017466e-125 2.27080357e-124 1.12568664e-123
 5.55514388e-123 2.72905925e-122 1.33465947e-121 6.49782235e-121
 3.14923485e-120 1.51943497e-119 7.29791906e-119 3.48944069e-118
 1.66093430e-117 7.87025745e-117 3.71248989e-116 1.74333751e-115
 8.14962307e-115 3.79256843e-114 1.75698957e-113 8.10298050e-113
 3.72014835e-112 1.70026094e-111 7.73589830e-111 3.50385221e-110
 1.57986749e-109 7.09145575e-109 3.16876467e-108 1.40956281e-107
 6.24192764e-107 2.75164804e-106 1.20755491e-105 5.27546504e-105
 2.29432250e-104 9.93317379e-104 4.28115998e-103 1.83685441e-102
 7.84563077e-102 3.33596013e-101 1.41206176e-100 5.95012905e-100
 2.49596754e-099 1.04229663e-098 4.33294914e-098 1.79314621e-097
 7.38733284e-097 3.02969901e-096 1.23694719e-095 5.02739126e-095
 2.03410828e-094 8.19304428e-094 3.28515898e-093 1.31131592e-092
 5.21072475e-092 2.06124106e-091 8.11706999e-091 3.18206943e-090
 1.24182348e-089 4.82447360e-089 1.86586345e-088 7.18372392e-088
 2.75333632e-087 1.05053070e-086 3.99023146e-086 1.50878474e-085
 5.67931986e-085 2.12816468e-084 7.93878401e-084 2.94810262e-083
 1.08986087e-082 4.01087732e-082 1.46942543e-081 5.35914586e-081
 1.94573395e-080 7.03252350e-080 2.53033942e-079 9.06329726e-079
 3.23171848e-078 1.14715122e-077 4.05366335e-077 1.42598362e-076
 4.99368624e-076 1.74087592e-075 6.04163162e-075 2.08727906e-074
 7.17871393e-074 2.45783448e-073 8.37719202e-073 2.84239325e-072
 9.60085056e-072 3.22830910e-071 1.08063833e-070 3.60101952e-070
 1.19456679e-069 3.94489325e-069 1.29688040e-068 4.24428417e-068
 1.38276645e-067 4.48469660e-067 1.44796197e-066 4.65394341e-066
 1.48910354e-065 4.74316841e-065 1.50401459e-064 4.74761408e-064
 1.49189625e-063 4.66704179e-063 1.45339818e-062 4.50575306e-062
 1.39056091e-061 4.27220909e-061 1.30663666e-060 3.97829542e-060
 1.20581054e-059 3.63832069e-059 1.09285547e-058 3.26786675e-058
 9.72760219e-058 2.88261816e-057 8.50370704e-057 2.49729194e-056
 7.30079568e-056 2.12476512e-055 6.15589942e-055 1.77546435e-054
 5.09767628e-054 1.45704312e-053 4.14583876e-053 1.17433571e-052
 3.31140254e-052 9.29547409e-052 2.59759216e-051 7.22620438e-051
 2.00119482e-050 5.51706820e-050 1.51414403e-049 4.13681292e-049
 1.12513446e-048 3.04637124e-048 8.21109507e-048 2.20322671e-047
 5.88514477e-047 1.56493018e-046 4.14259653e-046 1.09166695e-045
 2.86383202e-045 7.47902136e-045 1.94438320e-044 5.03221052e-044
 1.29650918e-043 3.32531083e-043 8.49041170e-043 2.15806791e-042
 5.46061200e-042 1.37548984e-041 3.44915972e-041 8.61011753e-041
 2.13965971e-040 5.29322300e-040 1.30357351e-039 3.19588187e-039
 7.79984124e-039 1.89504995e-038 4.58348079e-038 1.10359576e-037
 2.64523636e-037 6.31188097e-037 1.49931529e-036 3.54541431e-036
 8.34604788e-036 1.95584577e-035 4.56276594e-035 1.05964802e-034
 2.44982423e-034 5.63829863e-034 1.29181724e-033 2.94641512e-033
 6.69000813e-033 1.51216510e-032 3.40260574e-032 7.62191154e-032
 1.69963643e-031 3.77301050e-031 8.33796082e-031 1.83430496e-030
 4.01719658e-030 8.75819243e-030 1.90084076e-029 4.10692567e-029
 8.83339810e-029 1.89137924e-028 4.03152435e-028 8.55460204e-028
 1.80705008e-027 3.79997220e-027 7.95482272e-027 1.65775538e-026
 3.43914304e-026 7.10264139e-026 1.46025731e-025 2.98867538e-025
 6.08930822e-025 1.23508550e-024 2.49382481e-024 5.01273463e-024
 1.00305175e-023 1.99807517e-023 3.96223434e-023 7.82182954e-023
 1.53715050e-022 3.00721368e-022 5.85668735e-022 1.13548041e-021
 2.19152842e-021 4.21070118e-021 8.05381390e-021 1.53351706e-020
 2.90680226e-020 5.48507059e-020 1.03035956e-019 1.92679382e-019
 3.58691875e-019 6.64733684e-019 1.22634789e-018 2.25226529e-018
 4.11780004e-018 7.49464071e-018 1.35792641e-017 2.44929733e-017
 4.39791301e-017 7.86125014e-017 1.39886708e-016 2.47799907e-016
 4.36984148e-016 7.67131966e-016 1.34064666e-015 2.33237532e-015
 4.03945148e-015 6.96444014e-015 1.19533567e-014 2.04236519e-014
 3.47389571e-014 5.88220298e-014 9.91523682e-014 1.66381881e-013
 2.77938573e-013 4.62201627e-013 7.65163017e-013 1.26100360e-012
 2.06880013e-012 3.37878532e-012 5.49341636e-012 8.89128003e-012
 1.43260319e-011 2.29788026e-011 3.66917756e-011 5.83243513e-011
 9.22934667e-011 1.45389103e-010 2.27998824e-010 3.55937062e-010
 5.53163697e-010 8.55803353e-010 1.31805688e-009 2.02085044e-009
 3.08442382e-009 4.68655565e-009 7.08881042e-009 1.06741377e-008
 1.60004461e-008 2.38765315e-008 3.54691057e-008 5.24528504e-008
 7.72196453e-008 1.13168710e-007 1.65106732e-007 2.39796618e-007
 3.46705857e-007 4.99021386e-007 7.15018027e-007 1.01989316e-006
 1.44821226e-006 2.04714977e-006 2.88075860e-006 4.03556151e-006
 5.62782948e-006 7.81299853e-006 1.07977784e-005 1.48556251e-005
 2.03463872e-005 2.77410908e-005 3.76530029e-005 5.08763042e-005
 6.84339088e-005 9.16361833e-005 1.22152537e-004 1.62098071e-004
 2.14137661e-004 2.81610028e-004 3.68674443e-004 4.80482753e-004
 6.23379373e-004 8.05131664e-004 1.03519279e-003 1.32499862e-003
 1.68829941e-003 2.14152606e-003 2.70418944e-003 3.39930957e-003
 4.25386962e-003 5.29928756e-003 6.57189555e-003 8.11341467e-003
 9.97140939e-003 1.21997035e-002 1.48587357e-002 1.80158308e-002
 2.17453592e-002 2.61287559e-002 3.12543686e-002 3.72171047e-002
 4.41178451e-002 5.20626000e-002 6.11613790e-002 7.15267576e-002
 8.32721279e-002 9.65096278e-002 1.11347757e-001 1.27888696e-001
 1.46225360e-001 1.66438232e-001 1.88592034e-001 2.12732306e-001
 2.38881988e-001 2.67038092e-001 2.97168575e-001 3.29209531e-001
 3.63062818e-001 3.98594225e-001 4.35632311e-001 4.73967999e-001
 5.13355017e-001 5.53511254e-001 5.94121069e-001 6.34838573e-001
 6.75291858e-001 7.15088139e-001 7.53819712e-001 7.91070627e-001
 8.26423927e-001 8.59469283e-001 8.89810839e-001 9.17075049e-001
 9.40918305e-001 9.61034131e-001 9.77159728e-001 9.89081690e-001
 9.96640701e-001 9.99735076e-001 9.98323041e-001 9.92423669e-001
 9.82116453e-001 9.67539522e-001 9.48886560e-001 9.26402527e-001
 9.00378302e-001 8.71144431e-001 8.39064143e-001 8.04525872e-001
 7.67935458e-001 7.29708292e-001 6.90261571e-001 6.50006896e-001
 6.09343366e-001 5.68651336e-001 5.28286965e-001 4.88577632e-001
 4.49818300e-001 4.12268842e-001 3.76152334e-001 3.41654278e-001
 3.08922698e-001 2.78069034e-001 2.49169737e-001 2.22268445e-001
 1.97378654e-001 1.74486733e-001 1.53555187e-001 1.34526061e-001
 1.17324366e-001 1.01861451e-001 8.80382409e-002 7.57482681e-002
 6.48804589e-002 5.53216307e-002 4.69586807e-002 3.96804561e-002
 3.33793040e-002 2.79523132e-002 2.33022622e-002 1.93382989e-002
 1.59763773e-002 1.31394807e-002 1.07576633e-002 8.76793958e-003
 7.11405148e-003 5.74614146e-003 4.62035640e-003 3.69840523e-003
 2.94708978e-003 2.33782551e-003 1.84616568e-003 1.45133981e-003
 1.13581447e-003 8.84882361e-004 6.86283464e-004 5.29860306e-004
 4.07248122e-004 3.11599427e-004 2.37341708e-004 1.79966359e-004
 1.35846500e-004 1.02081120e-004 7.63628727e-005 5.68668198e-005
 4.21575613e-005 3.11122824e-005 2.28574679e-005 1.67172262e-005
 1.21713899e-005 8.82177512e-006 6.36519402e-006 4.57200991e-006
 3.26920786e-006 2.32711454e-006 1.64904626e-006 1.16328941e-006
 8.16925703e-007 5.71106631e-007 3.97458417e-007 2.75363295e-007
 1.89915431e-007 1.30393010e-007 8.91226773e-008 6.06403908e-008
 4.10748147e-008 2.76967676e-008 1.85918419e-008 1.24238329e-008
 8.26472938e-009 5.47320266e-009 3.60823052e-009 2.36802823e-009
 1.54710336e-009 1.00621697e-009 6.51484068e-010 4.19909612e-010
 2.69431077e-010 1.72099422e-010 1.09433677e-010 6.92727492e-011
 4.36529614e-011 2.73845023e-011 1.71015647e-011 1.06317975e-011
 6.57987133e-012 4.05385265e-012 2.48632772e-012 1.51805895e-012
 9.22696255e-013 5.58301420e-013 3.36293568e-013 2.01654651e-013
 1.20375410e-013 7.15331206e-014 4.23171506e-014 2.49210029e-014
 1.46101431e-014 8.52674504e-015 4.95395365e-015 2.86523637e-015
 1.64971463e-015 9.45577325e-016 5.39541838e-016 3.06473593e-016
 1.73300911e-016 9.75547650e-017 5.46683520e-017 3.04974362e-017
 1.69367678e-017 9.36348656e-018 5.15328905e-018 2.82339258e-018
 1.53991904e-018 8.36111818e-019 4.51929499e-019 2.43173851e-019
 1.30257551e-019 6.94590436e-020 3.68718173e-020 1.94849880e-020
 1.02505129e-020 5.36822737e-021 2.79869817e-021 1.45251651e-021
 7.50457233e-022 3.85985217e-022 1.97631082e-022 1.00734835e-022
 5.11144824e-023 2.58195166e-023 1.29835095e-023 6.49944016e-024
 3.23891576e-024 1.60680513e-024 7.93535974e-025 3.90130482e-025
 1.90938279e-025 9.30284911e-026 4.51210092e-026 2.17862000e-026
 1.04718647e-026 5.01079242e-027 2.38686939e-027 1.13185490e-027
 5.34309266e-028 2.51092946e-028 1.17467080e-028 5.47063434e-029
 2.53629086e-029 1.17057779e-029 5.37825458e-030 2.45992738e-030
 1.12006460e-030 5.07695965e-031 2.29088984e-031 1.02906914e-031
 4.60176838e-032 2.04854171e-032 9.07830400e-033 4.00501813e-033
 1.75891197e-033 7.68995108e-034 3.34690129e-034 1.45011380e-034
 6.25462275e-035 2.68559184e-035 1.14793885e-035 4.88469386e-036
 2.06916823e-036 8.72557603e-037 3.66296077e-037 1.53077119e-037
 6.36836797e-038 2.63745994e-038 1.08738528e-038 4.46293826e-039
 1.82346807e-039 7.41677838e-040 3.00311730e-040 1.21051212e-040
 4.85742209e-041 1.94036038e-041 7.71611708e-042 3.05460510e-042
 1.20379127e-042 4.72266524e-043 1.84443344e-043 7.17098260e-044
 2.77545508e-044 1.06937393e-044 4.10170889e-045 1.56617372e-045
 5.95326044e-046 2.25273283e-046 8.48602578e-047 3.18228345e-047
 1.18799121e-047 4.41496687e-048 1.63335853e-048 6.01555158e-049
 2.20551106e-049 8.04975899e-050 2.92480132e-050 1.05791242e-050
 3.80928018e-051 1.36545054e-051 4.87246671e-052 1.73085881e-052
 6.12088558e-053 2.15479884e-053 7.55160140e-054 2.63457907e-054
 9.15004588e-055 3.16355333e-055 1.08884711e-055 3.73077019e-056
 1.27253562e-056 4.32097002e-057 1.46060375e-057 4.91499889e-058
 1.64647178e-058 5.49066582e-059 1.82278559e-059 6.02401462e-060
 1.98187519e-060 6.49092271e-061 2.11629609e-061 6.86888548e-062
 2.21940201e-062 7.13880518e-063 2.28588795e-063 7.28658777e-064
 2.31224217e-064 7.30436200e-065 2.29705351e-065 7.19117392e-066
 2.24113659e-066 6.95307178e-067 2.14745936e-067 6.60257054e-068
 2.02088220e-068 6.15756214e-069 1.86774018e-069 5.63980351e-070
 1.69531865e-070 5.07316001e-071 1.51128244e-071 4.48180094e-072
 1.32312034e-072 3.88853474e-073 1.13765996e-073 3.31343778e-074
 9.60693870e-075 2.77287999e-075 7.96740659e-076 2.27899170e-076
 6.48945699e-077 1.83955945e-077 5.19109711e-078 1.45829146e-078
 4.07820792e-079 1.13536173e-079 3.14658155e-080 8.68127646e-081
 2.38433918e-081 6.51917049e-082 1.77442030e-082 4.80795626e-083
 1.29689368e-083 3.48247569e-084 9.30918514e-085 2.47727999e-085
 6.56263693e-086 1.73069889e-086 4.54364618e-087 1.18748286e-087
 3.08951315e-088 8.00189045e-089 2.06316997e-089 5.29562556e-090
 1.35312957e-090 3.44192462e-091 8.71571816e-092 2.19707487e-092
 5.51348742e-093 1.37736098e-093 3.42538202e-094 8.48027837e-095
 2.09002296e-095 5.12780923e-096 1.25242727e-096 3.04518041e-097
 7.37077905e-098 1.77604355e-098 4.26023627e-099 1.01731070e-099
 2.41831792e-100 5.72285879e-101 1.34819440e-101 3.16178157e-102
 7.38160943e-103 1.71557660e-103 3.96925519e-104 9.14213819e-105
 2.09616949e-105 4.78459151e-106 1.08718434e-106 2.45924256e-107
 5.53782716e-108 1.24141584e-108 2.77035243e-109 6.15449773e-110
 1.36110009e-110 2.99659027e-111 6.56756715e-112 1.43291864e-112
 3.11227810e-113 6.72938096e-114 1.44847728e-114 3.10375988e-115
 6.62070741e-116 1.40591975e-116 2.97205280e-117 6.25449664e-118
 1.31029191e-118 2.73264750e-119 5.67334271e-120 1.17255785e-120
 2.41251150e-121 4.94133572e-122 1.00753278e-122 2.04509676e-123
 4.13245745e-124 8.31271279e-125 1.66462731e-125 3.31841813e-126
 6.58544391e-127 1.30100467e-127 2.55865960e-128 5.00940358e-129
 9.76336186e-130 1.89431677e-130 3.65885902e-131 7.03523489e-132
 1.34663960e-132 2.56604352e-133 4.86761819e-134 9.19197530e-135
 1.72798929e-135 3.23379955e-136 6.02455539e-137 1.11731791e-137
 2.06285344e-138 3.79140207e-139 6.93699153e-140 1.26352064e-140
 2.29104368e-141 4.13546409e-142 7.43113229e-143 1.32930790e-143
 2.36720589e-144 4.19649135e-145 7.40587688e-146 1.30108748e-146
 2.27549749e-147 3.96174098e-148 6.86650355e-149 1.18474552e-149
 2.03495286e-150 3.47955326e-151 5.92287376e-152 1.00364776e-152
 1.69305090e-153 2.84314209e-154 4.75299076e-155 7.90997714e-156
 1.31045871e-156 2.16128136e-157 3.54845359e-158 5.79971703e-159
 9.43657367e-160 1.52848689e-160 2.46461425e-161 3.95618004e-162
 6.32183263e-163 1.00565680e-163 1.59256236e-164 2.51063140e-165
 3.94011882e-166 6.15567293e-167 9.57373952e-168 1.48227073e-168
 2.28461651e-169 3.50541099e-170 5.35432134e-171 8.14160022e-172
 1.23240931e-172 1.85712022e-173 2.78589615e-174 4.16034821e-175
 6.18492295e-176 9.15332241e-177 1.34853766e-177 1.97782224e-178
 2.88769475e-179 4.19715654e-180 6.07293879e-181 8.74747068e-182
 1.25431305e-182 1.79047904e-183 2.54432388e-184 3.59927808e-185
 5.06871956e-186 7.10593090e-187 9.91707392e-188 1.37779935e-188
 1.90558468e-189 2.62367711e-190 3.59610507e-191 4.90675319e-192
 6.66493485e-193 9.01233773e-194 1.21316218e-194 1.62569893e-195
 2.16870874e-196 2.88006438e-197 3.80752722e-198 5.01099178e-199
 6.56514343e-200 8.56257919e-201 1.11174411e-201 1.43696082e-202
 1.84894875e-203 2.36834339e-204 3.01998179e-205 3.83357383e-206
 4.84443567e-207 6.09428007e-208 7.63205477e-209 9.51481618e-210
 1.18086209e-210 1.45894128e-211 1.79438776e-212 2.19702318e-213
 2.67789062e-214 3.24930802e-215 3.92490171e-216 4.71961466e-217
 5.64968394e-218 6.73258148e-219 7.98691270e-220 9.43226754e-221
 1.10890193e-221 1.29780672e-222 1.51205210e-223 1.75373248e-224
 2.02488233e-225 2.32742711e-226 2.66312923e-227 3.03352967e-228
 3.43988646e-229 3.88311116e-230 4.36370509e-231 4.88169695e-232
 5.43658387e-233 6.02727801e-234 6.65206079e-235 7.30854709e-236
 7.99366131e-237 8.70362741e-238 9.43397440e-239 1.01795587e-239
 1.09346040e-240 1.16927597e-241 1.24471764e-242 1.31905990e-243
 1.39154752e-244 1.46140781e-245 1.52786386e-246 1.59014874e-247
 1.64751999e-248 1.69927430e-249 1.74476179e-250 1.78339953e-251
 1.81468399e-252 1.83820195e-253 1.85363957e-254 1.86078936e-255
 1.85955484e-256 1.84995268e-257 1.83211236e-258 1.80627323e-259
 1.77277916e-260 1.73207098e-261 1.68467677e-262 1.63120049e-263
 1.57230919e-264 1.50871920e-265 1.44118169e-266 1.37046802e-267
 1.29735531e-268 1.22261245e-269 1.14698714e-270 1.07119401e-271]","[0.00000000e+000 0.00000000e+000 0.00000000e+000 0.00000000e+000
 0.00000000e+000 0.00000000e+000 0.00000000e+000 0.00000000e+000
 0.00000000e+000 0.00000000e+000 0.00000000e+000 0.00000000e+000
 0.00000000e+000 0.00000000e+000 0.00000000e+000 0.00000000e+000
 0.00000000e+000 0.00000000e+000 0.00000000e+000 0.00000000e+000
 0.00000000e+000 0.00000000e+000 0.00000000e+000 0.00000000e+000
 0.00000000e+000 0.00000000e+000 0.00000000e+000 0.00000000e+000
 0.00000000e+000 0.00000000e+000 0.00000000e+000 0.00000000e+000
 0.00000000e+000 0.00000000e+000 0.00000000e+000 0.00000000e+000
 0.00000000e+000 0.00000000e+000 0.00000000e+000 0.00000000e+000
 0.00000000e+000 0.00000000e+000 0.00000000e+000 0.00000000e+000
 0.00000000e+000 0.00000000e+000 0.00000000e+000 0.00000000e+000
 0.00000000e+000 0.00000000e+000 0.00000000e+000 0.00000000e+000
 0.00000000e+000 0.00000000e+000 0.00000000e+000 0.00000000e+000
 0.00000000e+000 0.00000000e+000 0.00000000e+000 0.00000000e+000
 0.00000000e+000 0.00000000e+000 0.00000000e+000 0.00000000e+000
 0.00000000e+000 0.00000000e+000 0.00000000e+000 0.00000000e+000
 0.00000000e+000 0.00000000e+000 0.00000000e+000 0.00000000e+000
 0.00000000e+000 0.00000000e+000 0.00000000e+000 0.00000000e+000
 0.00000000e+000 0.00000000e+000 0.00000000e+000 0.00000000e+000
 0.00000000e+000 0.00000000e+000 0.00000000e+000 0.00000000e+000
 0.00000000e+000 0.00000000e+000 0.00000000e+000 0.00000000e+000
 0.00000000e+000 0.00000000e+000 0.00000000e+000 0.00000000e+000
 0.00000000e+000 0.00000000e+000 0.00000000e+000 0.00000000e+000
 0.00000000e+000 0.00000000e+000 0.00000000e+000 0.00000000e+000
 0.00000000e+000 0.00000000e+000 0.00000000e+000 0.00000000e+000
 0.00000000e+000 0.00000000e+000 0.00000000e+000 0.00000000e+000
 0.00000000e+000 0.00000000e+000 0.00000000e+000 0.00000000e+000
 0.00000000e+000 0.00000000e+000 0.00000000e+000 0.00000000e+000
 0.00000000e+000 0.00000000e+000 0.00000000e+000 0.00000000e+000
 0.00000000e+000 0.00000000e+000 0.00000000e+000 0.00000000e+000
 0.00000000e+000 0.00000000e+000 0.00000000e+000 0.00000000e+000
 0.00000000e+000 0.00000000e+000 0.00000000e+000 0.00000000e+000
 0.00000000e+000 0.00000000e+000 0.00000000e+000 0.00000000e+000
 0.00000000e+000 0.00000000e+000 0.00000000e+000 0.00000000e+000
 0.00000000e+000 0.00000000e+000 0.00000000e+000 0.00000000e+000
 0.00000000e+000 0.00000000e+000 0.00000000e+000 0.00000000e+000
 0.00000000e+000 0.00000000e+000 0.00000000e+000 0.00000000e+000
 0.00000000e+000 0.00000000e+000 0.00000000e+000 0.00000000e+000
 0.00000000e+000 0.00000000e+000 0.00000000e+000 0.00000000e+000
 0.00000000e+000 0.00000000e+000 0.00000000e+000 0.00000000e+000
 0.00000000e+000 0.00000000e+000 0.00000000e+000 0.00000000e+000
 0.00000000e+000 0.00000000e+000 0.00000000e+000 0.00000000e+000
 0.00000000e+000 0.00000000e+000 0.00000000e+000 0.00000000e+000
 0.00000000e+000 0.00000000e+000 0.00000000e+000 0.00000000e+000
 0.00000000e+000 0.00000000e+000 0.00000000e+000 0.00000000e+000
 0.00000000e+000 0.00000000e+000 0.00000000e+000 0.00000000e+000
 0.00000000e+000 0.00000000e+000 0.00000000e+000 0.00000000e+000
 0.00000000e+000 0.00000000e+000 0.00000000e+000 0.00000000e+000
 0.00000000e+000 0.00000000e+000 0.00000000e+000 0.00000000e+000
 0.00000000e+000 0.00000000e+000 0.00000000e+000 0.00000000e+000
 0.00000000e+000 0.00000000e+000 0.00000000e+000 0.00000000e+000
 0.00000000e+000 0.00000000e+000 0.00000000e+000 0.00000000e+000
 0.00000000e+000 0.00000000e+000 0.00000000e+000 0.00000000e+000
 0.00000000e+000 2.71736105e-322 8.76126610e-320 2.74330889e-317
 8.39793232e-315 2.51345343e-312 7.35478790e-310 2.10411902e-307
 5.88533638e-305 1.60943380e-302 4.30304396e-300 1.12481031e-297
 2.87464110e-295 7.18271794e-293 1.75466750e-290 4.19084591e-288
 9.78609419e-286 2.23417881e-283 4.98686148e-281 1.08827216e-278
 2.32192706e-276 4.84351295e-274 9.87809495e-272 1.96963960e-269
 3.83973432e-267 7.31840472e-265 1.36374292e-262 2.48455969e-260
 4.42554945e-258 7.70700784e-256 1.31221574e-253 2.18436658e-251
 3.55505760e-249 5.65677102e-247 8.80017677e-245 1.33848969e-242
 1.99039607e-240 2.89377539e-238 4.11330554e-236 5.71633880e-234
 7.76686561e-232 1.03174996e-229 1.33999743e-227 1.70150924e-225
 2.11234814e-223 2.56387896e-221 3.04249856e-219 3.52991365e-217
 4.00404198e-215 4.44052174e-213 4.81471093e-211 5.10396014e-209
 5.28987206e-207 5.36023589e-205 5.31035402e-203 5.14356089e-201
 4.87085427e-199 4.50969556e-197 4.08216122e-195 3.61271680e-193
 3.12592478e-191 2.64438063e-189 2.18710811e-187 1.76855012e-185
 1.39818723e-183 1.08072235e-181 8.16702282e-180 6.03412421e-178
 4.35878614e-176 3.07834801e-174 2.12554698e-172 1.43490960e-170
 9.47063745e-169 6.11131572e-167 3.85559199e-165 2.37819935e-163
 1.43418865e-161 8.45600335e-160 4.87444136e-158 2.74716909e-156
 1.51372427e-154 8.15471885e-153 4.29508785e-151 2.21174955e-149
 1.11352683e-147 5.48108150e-146 2.63774418e-144 1.24108042e-142
 5.70910482e-141 2.56765664e-139 1.12903321e-137 4.85374911e-136
 2.04008738e-134 8.38341673e-133 3.36817136e-131 1.32302528e-129
 5.08092686e-128 1.90773736e-126 7.00317636e-125 2.51346233e-123
 8.81963349e-122 3.02572556e-120 1.01486755e-118 3.32805152e-117
 1.06701753e-115 3.34467484e-114 1.02503122e-112 3.07129209e-111
 8.99717128e-110 2.57686516e-108 7.21569618e-107 1.97544809e-105
 5.28754217e-104 1.38370307e-102 3.54024082e-101 8.85571321e-100
 2.16578390e-098 5.17854241e-097 1.21060034e-095 2.76690906e-094
 6.18286578e-093 1.35078301e-091 2.88524170e-090 6.02531351e-089
 1.23020627e-087 2.45570991e-086 4.79266450e-085 9.14487624e-084
 1.70600176e-082 3.11158706e-081 5.54862376e-080 9.67362920e-079
 1.64890044e-077 2.74789587e-076 4.47720466e-075 7.13205135e-074
 1.11076661e-072 1.69134423e-071 2.51792064e-070 3.66482218e-069
 5.21512371e-068 7.25566399e-067 9.86939539e-066 1.31251650e-064
 1.70655322e-063 2.16938053e-062 2.69620233e-061 3.27619739e-060
 3.89214022e-059 4.52072132e-058 5.13366862e-057 5.69965760e-056
 6.18686359e-055 6.56588321e-054 6.81265827e-053 6.91100003e-052
 6.85434600e-051 6.64648443e-050 6.30113520e-049 5.84045179e-048
 5.29267135e-047 4.68925932e-046 4.06194849e-045 3.44005521e-044
 2.84837557e-043 2.30584404e-042 1.82500243e-041 1.41220519e-040
 1.06839783e-039 7.90258235e-039 5.71486403e-038 4.04057910e-037
 2.79307220e-036 1.88765034e-035 1.24727374e-034 8.05754693e-034
 5.08914411e-033 3.14258832e-032 1.89727845e-031 1.11989033e-030
 6.46280058e-030 3.64642138e-029 2.01147107e-028 1.08482970e-027
 5.72018643e-027 2.94889723e-026 1.48631181e-025 7.32421461e-025
 3.52868614e-024 1.66213326e-023 7.65454690e-023 3.44646581e-022
 1.51715272e-021 6.52958326e-021 2.74753015e-020 1.13031713e-019
 4.54630941e-019 1.78779825e-018 6.87351472e-018 2.58368797e-017
 9.49515590e-017 3.41165395e-016 1.19847419e-015 4.11616940e-015
 1.38216099e-014 4.53758590e-014 1.45643775e-013 4.57045919e-013
 1.40226012e-012 4.20627988e-012 1.23358361e-011 3.53703903e-011
 9.91543915e-011 2.71759599e-010 7.28213410e-010 1.90780196e-009
 4.88662200e-009 1.22372841e-008 2.99614050e-008 7.17199780e-008
 1.67849078e-007 3.84059586e-007 8.59169989e-007 1.87914558e-006
 4.01830218e-006 8.40089581e-006 1.71715478e-005 3.43157998e-005
 6.70470459e-005 1.28075485e-004 2.39195612e-004 4.36758379e-004
 7.79704647e-004 1.36088002e-003 2.32225760e-003 3.87437618e-003
 6.31966444e-003 1.00782955e-002 1.57137920e-002 2.39538733e-002
 3.57002564e-002 5.20196901e-002 7.41079886e-002 1.03219828e-001
 1.40560105e-001 1.87137944e-001 2.43591693e-001 3.10001598e-001
 3.85714735e-001 4.69212276e-001 5.58050294e-001 6.48900569e-001
 7.37706836e-001 8.19955530e-001 8.91040881e-001 9.46685661e-001
 9.83365136e-001 9.98676093e-001 9.91597308e-001 9.62602230e-001
 9.13606596e-001 8.47759037e-001 7.69106477e-001 6.82183716e-001
 5.91584881e-001 5.01572392e-001 4.15767961e-001 3.36952943e-001
 2.66985901e-001 2.06827480e-001 1.56649492e-001 1.15998021e-001
 8.39794467e-002 5.94423918e-002 4.11358412e-002 2.78320584e-002
 1.84107343e-002 1.19068733e-002 7.52879019e-003 4.65429059e-003
 2.81308357e-003 1.66231227e-003 9.60380709e-004 5.42469197e-004
 2.99576386e-004 1.61748741e-004 8.53837218e-005 4.40666556e-005
 2.22354509e-005 1.09693938e-005 5.29078551e-006 2.49493090e-006
 1.15026452e-006 5.18486877e-007 2.28496026e-007 9.84510543e-008
 4.14727593e-008 1.70807261e-008 6.87781621e-009 2.70766943e-009
 1.04217717e-009 3.92182590e-010 1.44289890e-010 5.19020287e-011
 1.82529727e-011 6.27601123e-012 2.10976780e-012 6.93404164e-013
 2.22812253e-013 6.99991125e-014 2.15004147e-014 6.45657170e-015
 1.89564914e-015 5.44145168e-016 1.52711743e-016 4.19016313e-017
 1.12406200e-017 2.94815587e-018 7.55981997e-019 1.89527967e-019
 4.64553777e-020 1.11326748e-020 2.60833815e-021 5.97487879e-022
 1.33812026e-022 2.92996228e-023 6.27234232e-024 1.31279923e-024
 2.68638167e-025 5.37449861e-026 1.05125732e-026 2.01039294e-027
 3.75883885e-028 6.87111633e-029 1.22800952e-029 2.14573955e-030
 3.66566791e-031 6.12251796e-032 9.99787854e-033 1.59619698e-033
 2.49152902e-034 3.80229891e-035 5.67319092e-036 8.27578847e-037
 1.18029945e-037 1.64579547e-038 2.24367713e-039 2.99051304e-040
 3.89701320e-041 4.96499587e-042 6.18453065e-043 7.53174207e-044
 8.96778052e-045 1.04393953e-045 1.18813708e-046 1.32208263e-047
 1.43830664e-048 1.52983718e-049 1.59088862e-050 1.61746607e-051
 1.60779776e-052 1.56253049e-053 1.48465799e-054 1.37919343e-055
 1.25263568e-056 1.11230839e-057 9.65664992e-059 8.19650298e-060
 6.80192052e-061 5.51868168e-062 4.37763930e-063 3.39504428e-064
 2.57425610e-065 1.90835381e-066 1.38314236e-067 9.80111998e-069
 6.79024381e-070 4.59934375e-071 3.04584087e-072 1.97205666e-073
 1.24833862e-074 7.72584985e-076 4.67477765e-077 2.76551802e-078
 1.59953175e-079 9.04503138e-081 5.00066922e-082 2.70300605e-083
 1.42845560e-084 7.38052597e-086 3.72828169e-087 1.84132718e-088
 8.89107034e-090 4.19737690e-091 1.93732610e-092 8.74235281e-094
 3.85704555e-095 1.66372692e-096 7.01633248e-098 2.89293793e-099
 1.16618891e-100 4.59620659e-102 1.77105078e-103 6.67211192e-105
 2.45751666e-106 8.84973893e-108 3.11576924e-109 1.07250901e-110
 3.60942028e-112 1.18761260e-113 3.82043644e-115 1.20157808e-116
 3.69480785e-118 1.11079152e-119 3.26493164e-121 9.38245452e-123
 2.63608665e-124 7.24108649e-126 1.94468215e-127 5.10615927e-129
 1.31081356e-130 3.28994271e-132 8.07303029e-134 1.93680398e-135
 4.54292526e-137 1.04180480e-138 2.33581239e-140 5.12024095e-142
 1.09734624e-143 2.29931142e-145 4.71034540e-147 9.43427541e-149
 1.84741806e-150 3.53689901e-152 6.62035032e-154 1.21154660e-155
 2.16770467e-157 3.79193550e-159 6.48518858e-161 1.08438903e-162
 1.77275395e-164 2.83343102e-166 4.42769470e-168 6.76462193e-170
 1.01043930e-171 1.47563099e-173 2.10691079e-175 2.94113773e-177
 4.01407441e-179 5.35619417e-181 6.98760016e-183 8.91252206e-185
 1.11140930e-186 1.35502803e-188 1.61518907e-190 1.88234530e-192
 2.14474695e-194 2.38920637e-196 2.60214868e-198 2.77083962e-200
 2.88463926e-202 2.93611100e-204 2.92182546e-206 2.84273846e-208
 2.70408527e-210 2.51480721e-212 2.28659816e-214 2.03271196e-216
 1.76669945e-218 1.50124075e-220 1.24720790e-222 1.01304375e-224
 8.04485809e-227 6.24610690e-229 4.74134193e-231 3.51879511e-233
 2.55321579e-235 1.81126461e-237 1.25625303e-239 8.51869715e-242
 5.64767992e-244 3.66073095e-246 2.31988462e-248 1.43736081e-250
 8.70695000e-253 5.15664389e-255 2.98585746e-257 1.69033132e-259
 9.35568188e-262 5.06267317e-264 2.67846007e-266 1.38545141e-268
 7.00645379e-271 3.46422477e-273 1.67461394e-275 7.91451273e-278
 3.65708032e-280 1.65213547e-282 7.29722354e-285 3.15116021e-287
 1.33040588e-289 5.49159711e-292 2.21622586e-294 8.74440385e-297
 3.37323995e-299 1.27222844e-301 4.69119847e-304 1.69123264e-306
 5.96106330e-309 2.05421055e-311 6.92097078e-314 2.27976415e-316
 7.34196372e-319 2.31222722e-321 4.94065646e-324 0.00000000e+000
 0.00000000e+000 0.00000000e+000 0.00000000e+000 0.00000000e+000
 0.00000000e+000 0.00000000e+000 0.00000000e+000 0.00000000e+000
 0.00000000e+000 0.00000000e+000 0.00000000e+000 0.00000000e+000
 0.00000000e+000 0.00000000e+000 0.00000000e+000 0.00000000e+000
 0.00000000e+000 0.00000000e+000 0.00000000e+000 0.00000000e+000
 0.00000000e+000 0.00000000e+000 0.00000000e+000 0.00000000e+000
 0.00000000e+000 0.00000000e+000 0.00000000e+000 0.00000000e+000
 0.00000000e+000 0.00000000e+000 0.00000000e+000 0.00000000e+000
 0.00000000e+000 0.00000000e+000 0.00000000e+000 0.00000000e+000
 0.00000000e+000 0.00000000e+000 0.00000000e+000 0.00000000e+000
 0.00000000e+000 0.00000000e+000 0.00000000e+000 0.00000000e+000
 0.00000000e+000 0.00000000e+000 0.00000000e+000 0.00000000e+000
 0.00000000e+000 0.00000000e+000 0.00000000e+000 0.00000000e+000
 0.00000000e+000 0.00000000e+000 0.00000000e+000 0.00000000e+000
 0.00000000e+000 0.00000000e+000 0.00000000e+000 0.00000000e+000
 0.00000000e+000 0.00000000e+000 0.00000000e+000 0.00000000e+000
 0.00000000e+000 0.00000000e+000 0.00000000e+000 0.00000000e+000
 0.00000000e+000 0.00000000e+000 0.00000000e+000 0.00000000e+000
 0.00000000e+000 0.00000000e+000 0.00000000e+000 0.00000000e+000
 0.00000000e+000 0.00000000e+000 0.00000000e+000 0.00000000e+000
 0.00000000e+000 0.00000000e+000 0.00000000e+000 0.00000000e+000
 0.00000000e+000 0.00000000e+000 0.00000000e+000 0.00000000e+000
 0.00000000e+000 0.00000000e+000 0.00000000e+000 0.00000000e+000
 0.00000000e+000 0.00000000e+000 0.00000000e+000 0.00000000e+000
 0.00000000e+000 0.00000000e+000 0.00000000e+000 0.00000000e+000
 0.00000000e+000 0.00000000e+000 0.00000000e+000 0.00000000e+000
 0.00000000e+000 0.00000000e+000 0.00000000e+000 0.00000000e+000
 0.00000000e+000 0.00000000e+000 0.00000000e+000 0.00000000e+000
 0.00000000e+000 0.00000000e+000 0.00000000e+000 0.00000000e+000
 0.00000000e+000 0.00000000e+000 0.00000000e+000 0.00000000e+000
 0.00000000e+000 0.00000000e+000 0.00000000e+000 0.00000000e+000
 0.00000000e+000 0.00000000e+000 0.00000000e+000 0.00000000e+000
 0.00000000e+000 0.00000000e+000 0.00000000e+000 0.00000000e+000
 0.00000000e+000 0.00000000e+000 0.00000000e+000 0.00000000e+000
 0.00000000e+000 0.00000000e+000 0.00000000e+000 0.00000000e+000
 0.00000000e+000 0.00000000e+000 0.00000000e+000 0.00000000e+000
 0.00000000e+000 0.00000000e+000 0.00000000e+000 0.00000000e+000
 0.00000000e+000 0.00000000e+000 0.00000000e+000 0.00000000e+000
 0.00000000e+000 0.00000000e+000 0.00000000e+000 0.00000000e+000
 0.00000000e+000 0.00000000e+000 0.00000000e+000 0.00000000e+000
 0.00000000e+000 0.00000000e+000 0.00000000e+000 0.00000000e+000
 0.00000000e+000 0.00000000e+000 0.00000000e+000 0.00000000e+000
 0.00000000e+000 0.00000000e+000 0.00000000e+000 0.00000000e+000
 0.00000000e+000 0.00000000e+000 0.00000000e+000 0.00000000e+000
 0.00000000e+000 0.00000000e+000 0.00000000e+000 0.00000000e+000
 0.00000000e+000 0.00000000e+000 0.00000000e+000 0.00000000e+000
 0.00000000e+000 0.00000000e+000 0.00000000e+000 0.00000000e+000
 0.00000000e+000 0.00000000e+000 0.00000000e+000 0.00000000e+000
 0.00000000e+000 0.00000000e+000 0.00000000e+000 0.00000000e+000
 0.00000000e+000 0.00000000e+000 0.00000000e+000 0.00000000e+000
 0.00000000e+000 0.00000000e+000 0.00000000e+000 0.00000000e+000
 0.00000000e+000 0.00000000e+000 0.00000000e+000 0.00000000e+000
 0.00000000e+000 0.00000000e+000 0.00000000e+000 0.00000000e+000
 0.00000000e+000 0.00000000e+000 0.00000000e+000 0.00000000e+000
 0.00000000e+000 0.00000000e+000 0.00000000e+000 0.00000000e+000
 0.00000000e+000 0.00000000e+000 0.00000000e+000 0.00000000e+000
 0.00000000e+000 0.00000000e+000 0.00000000e+000 0.00000000e+000
 0.00000000e+000 0.00000000e+000 0.00000000e+000 0.00000000e+000
 0.00000000e+000 0.00000000e+000 0.00000000e+000 0.00000000e+000
 0.00000000e+000 0.00000000e+000 0.00000000e+000 0.00000000e+000
 0.00000000e+000 0.00000000e+000 0.00000000e+000 0.00000000e+000
 0.00000000e+000 0.00000000e+000 0.00000000e+000 0.00000000e+000
 0.00000000e+000 0.00000000e+000 0.00000000e+000 0.00000000e+000
 0.00000000e+000 0.00000000e+000 0.00000000e+000 0.00000000e+000
 0.00000000e+000 0.00000000e+000 0.00000000e+000 0.00000000e+000
 0.00000000e+000 0.00000000e+000 0.00000000e+000 0.00000000e+000
 0.00000000e+000 0.00000000e+000 0.00000000e+000 0.00000000e+000]","[0.00000000e+000 0.00000000e+000 0.00000000e+000 0.00000000e+000
 0.00000000e+000 0.00000000e+000 0.00000000e+000 0.00000000e+000
 0.00000000e+000 0.00000000e+000 0.00000000e+000 0.00000000e+000
 0.00000000e+000 0.00000000e+000 0.00000000e+000 0.00000000e+000
 0.00000000e+000 0.00000000e+000 0.00000000e+000 0.00000000e+000
 0.00000000e+000 0.00000000e+000 0.00000000e+000 0.00000000e+000
 0.00000000e+000 0.00000000e+000 0.00000000e+000 0.00000000e+000
 0.00000000e+000 0.00000000e+000 0.00000000e+000 0.00000000e+000
 0.00000000e+000 0.00000000e+000 0.00000000e+000 0.00000000e+000
 0.00000000e+000 0.00000000e+000 0.00000000e+000 0.00000000e+000
 0.00000000e+000 0.00000000e+000 0.00000000e+000 0.00000000e+000
 0.00000000e+000 0.00000000e+000 0.00000000e+000 0.00000000e+000
 0.00000000e+000 0.00000000e+000 0.00000000e+000 0.00000000e+000
 0.00000000e+000 0.00000000e+000 0.00000000e+000 0.00000000e+000
 0.00000000e+000 0.00000000e+000 0.00000000e+000 0.00000000e+000
 0.00000000e+000 0.00000000e+000 0.00000000e+000 0.00000000e+000
 0.00000000e+000 0.00000000e+000 0.00000000e+000 0.00000000e+000
 0.00000000e+000 0.00000000e+000 0.00000000e+000 0.00000000e+000
 0.00000000e+000 0.00000000e+000 0.00000000e+000 0.00000000e+000
 0.00000000e+000 0.00000000e+000 0.00000000e+000 0.00000000e+000
 0.00000000e+000 0.00000000e+000 0.00000000e+000 0.00000000e+000
 0.00000000e+000 0.00000000e+000 0.00000000e+000 0.00000000e+000
 0.00000000e+000 0.00000000e+000 0.00000000e+000 0.00000000e+000
 0.00000000e+000 0.00000000e+000 0.00000000e+000 0.00000000e+000
 0.00000000e+000 0.00000000e+000 0.00000000e+000 0.00000000e+000
 0.00000000e+000 0.00000000e+000 0.00000000e+000 0.00000000e+000
 0.00000000e+000 0.00000000e+000 0.00000000e+000 0.00000000e+000
 0.00000000e+000 0.00000000e+000 0.00000000e+000 0.00000000e+000
 0.00000000e+000 0.00000000e+000 0.00000000e+000 0.00000000e+000
 0.00000000e+000 0.00000000e+000 0.00000000e+000 0.00000000e+000
 0.00000000e+000 0.00000000e+000 0.00000000e+000 0.00000000e+000
 0.00000000e+000 0.00000000e+000 0.00000000e+000 0.00000000e+000
 0.00000000e+000 0.00000000e+000 0.00000000e+000 0.00000000e+000
 0.00000000e+000 0.00000000e+000 0.00000000e+000 0.00000000e+000
 0.00000000e+000 0.00000000e+000 0.00000000e+000 0.00000000e+000
 0.00000000e+000 0.00000000e+000 0.00000000e+000 0.00000000e+000
 0.00000000e+000 0.00000000e+000 0.00000000e+000 0.00000000e+000
 0.00000000e+000 0.00000000e+000 0.00000000e+000 0.00000000e+000
 0.00000000e+000 0.00000000e+000 0.00000000e+000 0.00000000e+000
 0.00000000e+000 0.00000000e+000 0.00000000e+000 0.00000000e+000
 0.00000000e+000 0.00000000e+000 0.00000000e+000 0.00000000e+000
 0.00000000e+000 0.00000000e+000 0.00000000e+000 0.00000000e+000
 0.00000000e+000 0.00000000e+000 0.00000000e+000 0.00000000e+000
 0.00000000e+000 0.00000000e+000 0.00000000e+000 0.00000000e+000
 0.00000000e+000 0.00000000e+000 0.00000000e+000 0.00000000e+000
 0.00000000e+000 0.00000000e+000 0.00000000e+000 0.00000000e+000
 0.00000000e+000 0.00000000e+000 0.00000000e+000 0.00000000e+000
 0.00000000e+000 0.00000000e+000 0.00000000e+000 0.00000000e+000
 0.00000000e+000 0.00000000e+000 0.00000000e+000 0.00000000e+000
 0.00000000e+000 0.00000000e+000 0.00000000e+000 0.00000000e+000
 0.00000000e+000 0.00000000e+000 0.00000000e+000 0.00000000e+000
 0.00000000e+000 0.00000000e+000 0.00000000e+000 0.00000000e+000
 0.00000000e+000 0.00000000e+000 0.00000000e+000 0.00000000e+000
 0.00000000e+000 0.00000000e+000 0.00000000e+000 0.00000000e+000
 0.00000000e+000 0.00000000e+000 0.00000000e+000 0.00000000e+000
 0.00000000e+000 0.00000000e+000 0.00000000e+000 0.00000000e+000
 0.00000000e+000 0.00000000e+000 0.00000000e+000 0.00000000e+000
 0.00000000e+000 0.00000000e+000 0.00000000e+000 0.00000000e+000
 0.00000000e+000 0.00000000e+000 0.00000000e+000 0.00000000e+000
 0.00000000e+000 0.00000000e+000 0.00000000e+000 0.00000000e+000
 0.00000000e+000 0.00000000e+000 0.00000000e+000 0.00000000e+000
 0.00000000e+000 0.00000000e+000 0.00000000e+000 0.00000000e+000
 0.00000000e+000 0.00000000e+000 0.00000000e+000 0.00000000e+000
 0.00000000e+000 0.00000000e+000 0.00000000e+000 0.00000000e+000
 0.00000000e+000 0.00000000e+000 0.00000000e+000 0.00000000e+000
 0.00000000e+000 0.00000000e+000 0.00000000e+000 0.00000000e+000
 0.00000000e+000 0.00000000e+000 0.00000000e+000 0.00000000e+000
 0.00000000e+000 0.00000000e+000 0.00000000e+000 0.00000000e+000
 0.00000000e+000 0.00000000e+000 0.00000000e+000 0.00000000e+000
 0.00000000e+000 0.00000000e+000 0.00000000e+000 0.00000000e+000
 0.00000000e+000 0.00000000e+000 0.00000000e+000 0.00000000e+000
 0.00000000e+000 0.00000000e+000 0.00000000e+000 0.00000000e+000
 0.00000000e+000 0.00000000e+000 0.00000000e+000 0.00000000e+000
 2.07507571e-322 7.27146055e-319 2.41582843e-315 7.67205972e-312
 2.32894876e-308 6.75787198e-305 1.87439906e-301 4.96954037e-298
 1.25942543e-294 3.05091961e-291 7.06465796e-288 1.56370053e-284
 3.30840066e-281 6.69090220e-278 1.29346099e-274 2.39014395e-271
 4.22179217e-268 7.12806600e-265 1.15039939e-261 1.77471101e-258
 2.61703009e-255 3.68885730e-252 4.97023662e-249 6.40124345e-246
 7.88049854e-243 9.27353064e-240 1.04313039e-236 1.12159007e-233
 1.15274111e-230 1.13248245e-227 1.06348960e-224 9.54634402e-222
 8.19111430e-219 6.71816956e-216 5.26697194e-213 3.94705446e-210
 2.82740031e-207 1.93599198e-204 1.26713205e-201 7.92760986e-199
 4.74094296e-196 2.71012462e-193 1.48086634e-190 7.73471885e-188
 3.86167101e-185 1.84292678e-182 8.40703702e-180 3.66589404e-177
 1.52798442e-174 6.08779491e-172 2.31847902e-169 8.44011564e-167
 2.93694418e-164 9.76888638e-162 3.10596454e-159 9.43952190e-157
 2.74224070e-154 7.61488267e-152 2.02126348e-149 5.12843331e-147
 1.24379431e-144 2.88346369e-142 6.38972957e-140 1.35348217e-137
 2.74046759e-135 5.30394327e-133 9.81239765e-131 1.73521574e-128
 2.93314740e-126 4.73932363e-124 7.31982864e-122 1.08065616e-119
 1.52502239e-117 2.05715481e-115 2.65252693e-113 3.26929942e-111
 3.85169298e-109 4.33761195e-107 4.66930025e-105 4.80457497e-103
 4.72563548e-101 4.44291016e-099 3.99279409e-097 3.42995455e-095
 2.81644897e-093 2.21063722e-091 1.65857509e-089 1.18947377e-087
 8.15411193e-086 5.34318902e-084 3.34677470e-082 2.00380052e-080
 1.14679176e-078 6.27359835e-077 3.28058223e-075 1.63978615e-073
 7.83475771e-072 3.57821141e-070 1.56209877e-068 6.51858085e-067
 2.60015771e-065 9.91398812e-064 3.61325962e-062 1.25878631e-060
 4.19186148e-059 1.33433201e-057 4.05997124e-056 1.18082103e-054
 3.28282150e-053 8.72393717e-052 2.21605155e-050 5.38082984e-049
 1.24888005e-047 2.77073037e-046 5.87583881e-045 1.19109815e-043
 2.30795479e-042 4.27473419e-041 7.56820698e-040 1.28079303e-038
 2.07189137e-037 3.20373862e-036 4.73531900e-035 6.69026738e-034
 9.03524177e-033 1.16637486e-031 1.43925781e-030 1.69762243e-029
 1.91401655e-028 2.06277728e-027 2.12501040e-026 2.09253076e-025
 1.96963027e-024 1.77214657e-023 1.52411114e-022 1.25295567e-021
 9.84593228e-021 7.39571304e-020 5.31013215e-019 3.64445570e-018
 2.39090374e-017 1.49931739e-016 8.98725642e-016 5.14947267e-015
 2.82033341e-014 1.47652300e-013 7.38893847e-013 3.53448345e-012
 1.61611375e-011 7.06350029e-011 2.95100591e-010 1.17848012e-009
 4.49859101e-009 1.64146955e-008 5.72520737e-008 1.90876156e-007
 6.08294948e-007 1.85301446e-006 5.39567119e-006 1.50180731e-005
 3.99562776e-005 1.01615018e-004 2.47020413e-004 5.73997314e-004
 1.27493765e-003 2.70688684e-003 5.49355307e-003 1.06570896e-002
 1.97617765e-002 3.50280060e-002 5.93481134e-002 9.61170626e-002
 1.48797670e-001 2.20188100e-001 3.11453793e-001 4.21109922e-001
 5.44251199e-001 6.72365442e-001 7.93987093e-001 8.96238449e-001
 9.67020697e-001 9.97355615e-001 9.83255477e-001 9.26583967e-001
 8.34651652e-001 7.18667166e-001 5.91496826e-001 4.65349341e-001
 3.49951499e-001 2.51558318e-001 1.72850872e-001 1.13528928e-001
 7.12760414e-002 4.27742766e-002 2.45371346e-002 1.34544852e-002
 7.05200153e-003 3.53313131e-003 1.69203456e-003 7.74570134e-004
 3.38933375e-004 1.41765318e-004 5.66797236e-005 2.16614498e-005
 7.91314982e-006 2.76320639e-006 9.22315127e-007 2.94270961e-007
 8.97465067e-008 2.61631341e-008 7.29061311e-009 1.94196056e-009
 4.94445957e-010 1.20337040e-010 2.79950912e-011 6.22538935e-012
 1.32328448e-012 2.68869780e-013 5.22195148e-014 9.69450732e-015
 1.72036549e-015 2.91821827e-016 4.73169662e-017 7.33361455e-018
 1.08647900e-018 1.53860332e-019 2.08273523e-020 2.69490544e-021
 3.33315160e-022 3.94065734e-023 4.45332456e-024 4.81063153e-025
 4.96731736e-026 4.90279565e-027 4.62559650e-028 4.17151461e-029
 3.59601804e-030 2.96313899e-031 2.33391081e-032 1.75718933e-033
 1.26460510e-034 8.69948149e-036 5.72049853e-037 3.59564211e-038
 2.16033503e-039 1.24070298e-040 6.81108993e-042 3.57410636e-043
 1.79275276e-044 8.59558415e-046 3.93942161e-047 1.72580451e-048
 7.22691263e-050 2.89278448e-051 1.10683128e-052 4.04807768e-054
 1.41520164e-055 4.72922389e-057 1.51064876e-058 4.61252986e-060
 1.34622283e-061 3.75575093e-063 1.00156395e-064 2.55306961e-066
 6.22083519e-068 1.44889464e-069 3.22572236e-071 6.86466318e-073
 1.39641193e-074 2.71525073e-076 5.04671055e-078 8.96621035e-080
 1.52269009e-081 2.47181627e-083 3.83550825e-085 5.68894489e-087
 8.06570997e-089 1.09308905e-090 1.41602382e-092 1.75342681e-094
 2.07542381e-096 2.34816180e-098 2.53951808e-100 2.62528629e-102
 2.59420387e-104 2.45038092e-106 2.21240776e-108 1.90940833e-110
 1.57519572e-112 1.24214502e-114 9.36293803e-117 6.74612008e-119
 4.64620165e-121 3.05875091e-123 1.92482938e-125 1.15782370e-127
 6.65724744e-130 3.65888732e-132 1.92223039e-134 9.65303573e-137
 4.63366313e-139 2.12611656e-141 9.32506255e-144 3.90947559e-146
 1.56670536e-148 6.00147802e-151 2.19751162e-153 7.69141441e-156
 2.57325788e-158 8.22929217e-161 2.51561237e-163 7.35067175e-166
 2.05311090e-168 5.48150552e-171 1.39890871e-173 3.41256522e-176
 7.95746280e-179 1.77365988e-181 3.77892384e-184 7.69605219e-187
 1.49820050e-189 2.78787914e-192 4.95883910e-195 8.43117610e-198
 1.37024546e-200 2.12868135e-203 3.16100373e-206 4.48684874e-209
 6.08779361e-212 7.89551533e-215 9.78820624e-218 1.15991940e-220
 1.31387661e-223 1.42260201e-226 1.47236108e-229 1.45662348e-232
 1.37747065e-235 1.24514369e-238 1.07586717e-241 8.88586914e-245
 7.01525140e-248 5.29405726e-251 3.81888077e-254 2.63321083e-257
 1.73555043e-260 1.09342981e-263 6.58486163e-267 3.79056952e-270
 2.08576007e-273 1.09704969e-276 5.51556899e-280 2.65067457e-283
 1.21765588e-286 5.34681062e-290 2.24422864e-293 9.00412406e-297
 3.45316960e-300 1.26589130e-303 4.43585145e-307 1.48579756e-310
 4.75712275e-314 1.45589881e-317 4.25884587e-321 0.00000000e+000
 0.00000000e+000 0.00000000e+000 0.00000000e+000 0.00000000e+000
 0.00000000e+000 0.00000000e+000 0.00000000e+000 0.00000000e+000
 0.00000000e+000 0.00000000e+000 0.00000000e+000 0.00000000e+000
 0.00000000e+000 0.00000000e+000 0.00000000e+000 0.00000000e+000
 0.00000000e+000 0.00000000e+000 0.00000000e+000 0.00000000e+000
 0.00000000e+000 0.00000000e+000 0.00000000e+000 0.00000000e+000
 0.00000000e+000 0.00000000e+000 0.00000000e+000 0.00000000e+000
 0.00000000e+000 0.00000000e+000 0.00000000e+000 0.00000000e+000
 0.00000000e+000 0.00000000e+000 0.00000000e+000 0.00000000e+000
 0.00000000e+000 0.00000000e+000 0.00000000e+000 0.00000000e+000
 0.00000000e+000 0.00000000e+000 0.00000000e+000 0.00000000e+000
 0.00000000e+000 0.00000000e+000 0.00000000e+000 0.00000000e+000
 0.00000000e+000 0.00000000e+000 0.00000000e+000 0.00000000e+000
 0.00000000e+000 0.00000000e+000 0.00000000e+000 0.00000000e+000
 0.00000000e+000 0.00000000e+000 0.00000000e+000 0.00000000e+000
 0.00000000e+000 0.00000000e+000 0.00000000e+000 0.00000000e+000
 0.00000000e+000 0.00000000e+000 0.00000000e+000 0.00000000e+000
 0.00000000e+000 0.00000000e+000 0.00000000e+000 0.00000000e+000
 0.00000000e+000 0.00000000e+000 0.00000000e+000 0.00000000e+000
 0.00000000e+000 0.00000000e+000 0.00000000e+000 0.00000000e+000
 0.00000000e+000 0.00000000e+000 0.00000000e+000 0.00000000e+000
 0.00000000e+000 0.00000000e+000 0.00000000e+000 0.00000000e+000
 0.00000000e+000 0.00000000e+000 0.00000000e+000 0.00000000e+000
 0.00000000e+000 0.00000000e+000 0.00000000e+000 0.00000000e+000
 0.00000000e+000 0.00000000e+000 0.00000000e+000 0.00000000e+000
 0.00000000e+000 0.00000000e+000 0.00000000e+000 0.00000000e+000
 0.00000000e+000 0.00000000e+000 0.00000000e+000 0.00000000e+000
 0.00000000e+000 0.00000000e+000 0.00000000e+000 0.00000000e+000
 0.00000000e+000 0.00000000e+000 0.00000000e+000 0.00000000e+000
 0.00000000e+000 0.00000000e+000 0.00000000e+000 0.00000000e+000
 0.00000000e+000 0.00000000e+000 0.00000000e+000 0.00000000e+000
 0.00000000e+000 0.00000000e+000 0.00000000e+000 0.00000000e+000
 0.00000000e+000 0.00000000e+000 0.00000000e+000 0.00000000e+000
 0.00000000e+000 0.00000000e+000 0.00000000e+000 0.00000000e+000
 0.00000000e+000 0.00000000e+000 0.00000000e+000 0.00000000e+000
 0.00000000e+000 0.00000000e+000 0.00000000e+000 0.00000000e+000
 0.00000000e+000 0.00000000e+000 0.00000000e+000 0.00000000e+000
 0.00000000e+000 0.00000000e+000 0.00000000e+000 0.00000000e+000
 0.00000000e+000 0.00000000e+000 0.00000000e+000 0.00000000e+000
 0.00000000e+000 0.00000000e+000 0.00000000e+000 0.00000000e+000
 0.00000000e+000 0.00000000e+000 0.00000000e+000 0.00000000e+000
 0.00000000e+000 0.00000000e+000 0.00000000e+000 0.00000000e+000
 0.00000000e+000 0.00000000e+000 0.00000000e+000 0.00000000e+000
 0.00000000e+000 0.00000000e+000 0.00000000e+000 0.00000000e+000
 0.00000000e+000 0.00000000e+000 0.00000000e+000 0.00000000e+000
 0.00000000e+000 0.00000000e+000 0.00000000e+000 0.00000000e+000
 0.00000000e+000 0.00000000e+000 0.00000000e+000 0.00000000e+000
 0.00000000e+000 0.00000000e+000 0.00000000e+000 0.00000000e+000
 0.00000000e+000 0.00000000e+000 0.00000000e+000 0.00000000e+000
 0.00000000e+000 0.00000000e+000 0.00000000e+000 0.00000000e+000
 0.00000000e+000 0.00000000e+000 0.00000000e+000 0.00000000e+000
 0.00000000e+000 0.00000000e+000 0.00000000e+000 0.00000000e+000
 0.00000000e+000 0.00000000e+000 0.00000000e+000 0.00000000e+000
 0.00000000e+000 0.00000000e+000 0.00000000e+000 0.00000000e+000
 0.00000000e+000 0.00000000e+000 0.00000000e+000 0.00000000e+000
 0.00000000e+000 0.00000000e+000 0.00000000e+000 0.00000000e+000
 0.00000000e+000 0.00000000e+000 0.00000000e+000 0.00000000e+000
 0.00000000e+000 0.00000000e+000 0.00000000e+000 0.00000000e+000
 0.00000000e+000 0.00000000e+000 0.00000000e+000 0.00000000e+000
 0.00000000e+000 0.00000000e+000 0.00000000e+000 0.00000000e+000
 0.00000000e+000 0.00000000e+000 0.00000000e+000 0.00000000e+000
 0.00000000e+000 0.00000000e+000 0.00000000e+000 0.00000000e+000
 0.00000000e+000 0.00000000e+000 0.00000000e+000 0.00000000e+000
 0.00000000e+000 0.00000000e+000 0.00000000e+000 0.00000000e+000
 0.00000000e+000 0.00000000e+000 0.00000000e+000 0.00000000e+000
 0.00000000e+000 0.00000000e+000 0.00000000e+000 0.00000000e+000
 0.00000000e+000 0.00000000e+000 0.00000000e+000 0.00000000e+000
 0.00000000e+000 0.00000000e+000 0.00000000e+000 0.00000000e+000
 0.00000000e+000 0.00000000e+000 0.00000000e+000 0.00000000e+000
 0.00000000e+000 0.00000000e+000 0.00000000e+000 0.00000000e+000
 0.00000000e+000 0.00000000e+000 0.00000000e+000 0.00000000e+000
 0.00000000e+000 0.00000000e+000 0.00000000e+000 0.00000000e+000
 0.00000000e+000 0.00000000e+000 0.00000000e+000 0.00000000e+000
 0.00000000e+000 0.00000000e+000 0.00000000e+000 0.00000000e+000
 0.00000000e+000 0.00000000e+000 0.00000000e+000 0.00000000e+000
 0.00000000e+000 0.00000000e+000 0.00000000e+000 0.00000000e+000
 0.00000000e+000 0.00000000e+000 0.00000000e+000 0.00000000e+000
 0.00000000e+000 0.00000000e+000 0.00000000e+000 0.00000000e+000
 0.00000000e+000 0.00000000e+000 0.00000000e+000 0.00000000e+000
 0.00000000e+000 0.00000000e+000 0.00000000e+000 0.00000000e+000
 0.00000000e+000 0.00000000e+000 0.00000000e+000 0.00000000e+000
 0.00000000e+000 0.00000000e+000 0.00000000e+000 0.00000000e+000
 0.00000000e+000 0.00000000e+000 0.00000000e+000 0.00000000e+000
 0.00000000e+000 0.00000000e+000 0.00000000e+000 0.00000000e+000
 0.00000000e+000 0.00000000e+000 0.00000000e+000 0.00000000e+000
 0.00000000e+000 0.00000000e+000 0.00000000e+000 0.00000000e+000]"
